,Movie Name,Movie Link,IMDB Rating,Running Time,Director,Release Date,Country,Votes,Meta score,Summary,First writer,First actor,Genre,Censor_Board_Rating
0,The Shawshank Redemption,https://www.imdb.com/title/tt0111161/,9.3,2h 22min,Frank Darabont,14 October 1994 (USA),USA,"2,351,347",80,"Two imprisoned men bond over a number of years, finding solace and eventual redemption through acts of common decency.",Stephen King,Tim Robbins,Drama,14A
1,The Godfather,https://www.imdb.com/title/tt0068646/,9.2,2h 55min,Francis Ford Coppola,24 March 1972 (Canada),USA,"1,627,012",100,An organized crime dynasty's aging patriarch transfers control of his clandestine empire to his reluctant son.,Mario Puzo,Marlon Brando,Crime,18A
2,The Godfather: Part II,https://www.imdb.com/title/tt0071562/,9,3h 22min,Francis Ford Coppola,18 December 1974 (Canada),USA,"1,134,095",90,"The early life and career of Vito Corleone in 1920s New York City is portrayed, while his son, Michael, expands and tightens his grip on the family crime syndicate.",Francis Ford Coppola,Al Pacino,Crime,PG
3,The Dark Knight,https://www.imdb.com/title/tt0468569/,9,2h 32min,Christopher Nolan,18 July 2008 (Canada),USA,"2,311,046",84,"When the menace known as the Joker wreaks havoc and chaos on the people of Gotham, Batman must accept one of the greatest psychological and physical tests of his ability to fight injustice.",Jonathan Nolan,Christian Bale,Action,PG
4,12 Angry Men,https://www.imdb.com/title/tt0050083/,9,1h 36min,Sidney Lumet,13 April 1957 (Canada),English,"692,768",96,A jury holdout attempts to prevent a miscarriage of justice by forcing his colleagues to reconsider the evidence.,Reginald Rose,Henry Fonda,Crime,PG
5,Schindler's List,https://www.imdb.com/title/tt0108052/,8.9,3h 15min,Steven Spielberg,25 December 1993 (Canada),USA,"1,217,303",94,"In German-occupied Poland during World War II, industrialist Oskar Schindler gradually becomes concerned for his Jewish workforce after witnessing their persecution by the Nazis.",Thomas Keneally,Liam Neeson,Biography,PA
6,The Lord of the Rings: The Return of the King,https://www.imdb.com/title/tt0167260/,8.9,3h 21min,Peter Jackson,17 December 2003 (Canada),New Zealand,"1,647,823",94,Gandalf and Aragorn lead the World of Men against Sauron's army to draw his gaze from Frodo and Sam as they approach Mount Doom with the One Ring.,J.R.R. Tolkien,Elijah Wood,Action,14A
7,Pulp Fiction,https://www.imdb.com/title/tt0110912/,8.9,2h 34min,Quentin Tarantino,14 October 1994 (Canada),USA,"1,832,731",94,"The lives of two mob hitmen, a boxer, a gangster and his wife, and a pair of diner bandits intertwine in four tales of violence and redemption.",Quentin Tarantino,John Travolta,Crime,16+
8,"Il buono, il brutto, il cattivo",https://www.imdb.com/title/tt0060196/,8.8,2h 41min,Sergio Leone,23 December 1966 (Italy),Italian,"690,613",90,A bounty hunting scam joins two men in an uneasy alliance against a third in a race to find a fortune in gold buried in a remote cemetery.,Luciano Vincenzoni,Clint Eastwood,Western,14+
9,The Lord of the Rings: The Fellowship of the Ring,https://www.imdb.com/title/tt0120737/,8.8,2h 58min,Peter Jackson,19 December 2001 (Canada),New Zealand,"1,666,960",92,A meek Hobbit from the Shire and eight companions set out on a journey to destroy the powerful One Ring and save Middle-earth from the Dark Lord Sauron.,J.R.R. Tolkien,Elijah Wood,Action,14A
10,Fight Club,https://www.imdb.com/title/tt0137523/,8.8,2h 19min,David Fincher,15 October 1999 (Canada),Germany,"1,861,358",66,"An insomniac office worker and a devil-may-care soapmaker form an underground fight club that evolves into something much, much more.",Chuck Palahniuk,Brad Pitt,Drama,R
11,Forrest Gump,https://www.imdb.com/title/tt0109830/,8.8,2h 22min,Robert Zemeckis,6 July 1994 (Canada),USA,"1,816,560",82,"The presidencies of Kennedy and Johnson, the events of Vietnam, Watergate and other historical events unfold through the perspective of an Alabama man with an IQ of 75, whose only desire is to be reunited with his childhood sweetheart.",Winston Groom,Tom Hanks,Drama,PG
12,Inception,https://www.imdb.com/title/tt1375666/,8.8,2h 28min,Christopher Nolan,16 July 2010 (Canada),USA,"2,075,029",74,A thief who steals corporate secrets through the use of dream-sharing technology is given the inverse task of planting an idea into the mind of a C.E.O.,Christopher Nolan,Leonardo DiCaprio,Action,PG
13,The Lord of the Rings: The Two Towers,https://www.imdb.com/title/tt0167261/,8.7,2h 59min,Peter Jackson,18 December 2002 (Canada),New Zealand,"1,490,249",87,"While Frodo and Sam edge closer to Mordor with the help of the shifty Gollum, the divided fellowship makes a stand against Sauron's new ally, Saruman, and his hordes of Isengard.",J.R.R. Tolkien,Elijah Wood,Action,PA
14,Star Wars: Episode V - The Empire Strikes Back,https://www.imdb.com/title/tt0080684/,8.7,2h 4min,Irvin Kershner,21 May 1980 (Canada),USA,"1,162,896",82,"After the Rebels are brutally overpowered by the Empire on the ice planet Hoth, Luke Skywalker begins Jedi training with Yoda, while his friends are pursued by Darth Vader and a bounty hunter named Boba Fett all over the galaxy.",Leigh Brackett,Mark Hamill,Action,G
15,The Matrix,https://www.imdb.com/title/tt0133093/,8.7,2h 16min,Lana Wachowski,31 March 1999 (USA),USA,"1,682,397",73,"When a beautiful stranger leads computer hacker Neo to a forbidding underworld, he discovers the shocking truth--the life he knows is the elaborate deception of an evil cyber-intelligence.",Lilly Wachowski,Keanu Reeves,Action,14A
16,Goodfellas,https://www.imdb.com/title/tt0099685/,8.7,2h 26min,Martin Scorsese,19 September 1990 (Canada),USA,"1,024,922",90,"The story of Henry Hill and his life in the mob, covering his relationship with his wife Karen Hill and his mob partners Jimmy Conway and Tommy DeVito in the Italian-American crime syndicate.",Nicholas Pileggi,Robert De Niro,Biography,14A
17,One Flew Over the Cuckoo's Nest,https://www.imdb.com/title/tt0073486/,8.7,2h 13min,Milos Forman,19 November 1975 (USA),English,"920,867",83,"A criminal pleads insanity and is admitted to a mental institution, where he rebels against the oppressive nurse and rallies up the scared patients.",Lawrence Hauben,Jack Nicholson,Drama,13+
18,Shichinin no samurai,https://www.imdb.com/title/tt0047478/,8.6,3h 27min,Akira Kurosawa,26 April 1954 (Japan),Japanese,"316,753",98,A poor village under attack by bandits recruits seven unemployed samurai to help them defend themselves.,Akira Kurosawa,Toshirô Mifune,Action,PG
19,Se7en,https://www.imdb.com/title/tt0114369/,8.6,2h 7min,David Fincher,22 September 1995 (Canada),USA,"1,450,943",65,"Two detectives, a rookie and a veteran, hunt a serial killer who uses the seven deadly sins as his motives.",Andrew Kevin Walker,Morgan Freeman,Crime,AA
20,La vita è bella,https://www.imdb.com/title/tt0118799/,8.6,1h 56min,Roberto Benigni,6 November 1998 (Canada),Italy,"625,976",,"When an open-minded Jewish librarian and his son become victims of the Holocaust, he uses a perfect mixture of will, humor, and imagination to protect his son from the dangers around their camp.",Vincenzo Cerami,Roberto Benigni,Comedy,PG
21,Cidade de Deus,https://www.imdb.com/title/tt0317248/,8.6,2h 10min,Fernando Meirelles,30 August 2002 (Brazil),Brazil,"701,047",79,"In the slums of Rio, two kids' paths diverge as one struggles to become a photographer and the other a kingpin.",Paulo Lins,Alexandre Rodrigues,Crime,18A
22,The Silence of the Lambs,https://www.imdb.com/title/tt0102926/,8.6,1h 58min,Jonathan Demme,14 February 1991 (USA),USA,"1,275,334",85,"A young F.B.I. cadet must receive the help of an incarcerated and manipulative cannibal killer to help catch another serial killer, a madman who skins his victims.",Thomas Harris,Jodie Foster,Crime,18+
23,It's a Wonderful Life,https://www.imdb.com/title/tt0038650/,8.6,2h 10min,Frank Capra,7 January 1947 (USA),USA,"407,079",89,An angel is sent from Heaven to help a desperately frustrated businessman by showing him what life would have been like if he had never existed.,Frances Goodrich,James Stewart,Drama,G
24,Star Wars,https://www.imdb.com/title/tt0076759/,8.6,2h 1min,George Lucas,25 May 1977 (USA),USA,"1,235,052",90,"Luke Skywalker joins forces with a Jedi Knight, a cocky pilot, a Wookiee and two droids to save the galaxy from the Empire's world-destroying battle station, while also attempting to rescue Princess Leia from the mysterious Darth Vader.",George Lucas,Mark Hamill,Action,14
25,Saving Private Ryan,https://www.imdb.com/title/tt0120815/,8.6,2h 49min,Steven Spielberg,24 July 1998 (Canada),USA,"1,240,100",91,"Following the Normandy Landings, a group of U.S. soldiers go behind enemy lines to retrieve a paratrooper whose brothers have been killed in action.",Robert Rodat,Tom Hanks,Drama,14A
26,The Green Mile,https://www.imdb.com/title/tt0120689/,8.6,3h 9min,Frank Darabont,10 December 1999 (Canada),USA,"1,152,328",61,"The lives of guards on Death Row are affected by one of their charges: a black man accused of child murder and rape, yet who has a mysterious gift.",Stephen King,Tom Hanks,Crime,14A
27,Sen to Chihiro no kamikakushi,https://www.imdb.com/title/tt0245429/,8.6,2h 5min,Hayao Miyazaki,20 July 2001 (Japan),Japan,"654,732",96,"During her family's move to the suburbs, a sullen 10-year-old girl wanders into a world ruled by gods, witches, and spirits, and where humans are changed into beasts.",Hayao Miyazaki,Daveigh Chase,Animation,PG
28,Interstellar,https://www.imdb.com/title/tt0816692/,8.6,2h 49min,Christopher Nolan,7 November 2014 (Canada),USA,"1,519,908",74,A team of explorers travel through a wormhole in space in an attempt to ensure humanity's survival.,Jonathan Nolan,Matthew McConaughey,Adventure,PG
29,Gisaengchung,https://www.imdb.com/title/tt6751668/,8.6,2h 12min,Bong Joon Ho,30 May 2019 (South Korea),South Korea,"562,949",96,Greed and class discrimination threaten the newly formed symbiotic relationship between the wealthy Park family and the destitute Kim clan.,Bong Joon Ho,Kang-ho Song,Comedy,14A
30,Léon,https://www.imdb.com/title/tt0110413/,8.5,1h 50min,Luc Besson,14 September 1994 (France),English,"1,039,095",64,"Mathilda, a 12-year-old girl, is reluctantly taken in by Léon, a professional assassin, after her family is murdered. An unusual relationship forms as she becomes his protégée and learns the assassin's trade.",Luc Besson,Jean Reno,Action,14A
31,Seppuku,https://www.imdb.com/title/tt0056058/,8.6,2h 13min,Masaki Kobayashi,1963 (Canada),Japanese,"42,583",85,"When a ronin requesting seppuku at a feudal lord's palace is told of the brutal suicide of another ronin who previously visited, he reveals how their pasts are intertwined - and in doing so challenges the clan's integrity.",Yasuhiko Takiguchi,Tatsuya Nakadai,Action,PG
32,The Usual Suspects,https://www.imdb.com/title/tt0114814/,8.5,1h 46min,Bryan Singer,16 August 1995 (USA),USA,"994,202",77,"A sole survivor tells of the twisty events leading up to a horrific gun battle on a boat, which began when five criminals met at a seemingly random police lineup.",Christopher McQuarrie,Kevin Spacey,Crime,14A
33,The Lion King,https://www.imdb.com/title/tt0110357/,8.5,1h 28min,Roger Allers,24 June 1994 (Canada),USA,"945,507",88,"Lion prince Simba and his father are targeted by his bitter uncle, who wants to ascend the throne himself.",Irene Mecchi,Matthew Broderick,Animation,G
34,The Pianist,https://www.imdb.com/title/tt0253474/,8.5,2h 30min,Roman Polanski,24 January 2003 (Canada),UK,"732,560",85,A Polish Jewish musician struggles to survive the destruction of the Warsaw ghetto of World War II.,Ronald Harwood,Adrien Brody,Biography,AA
35,Back to the Future,https://www.imdb.com/title/tt0088763/,8.5,1h 56min,Robert Zemeckis,3 July 1985 (USA),USA,"1,061,951",87,"Marty McFly, a 17-year-old high school student, is accidentally sent thirty years into the past in a time-traveling DeLorean invented by his close friend, the eccentric scientist Doc Brown.",Robert Zemeckis,Michael J. Fox,Adventure,PG
36,Terminator 2: Judgment Day,https://www.imdb.com/title/tt0103064/,8.5,2h 17min,James Cameron,3 July 1991 (Canada),USA,"998,098",75,"A cyborg, identical to the one who failed to kill Sarah Connor, must now protect her teenage son, John Connor, from a more advanced and powerful cyborg.",James Cameron,Arnold Schwarzenegger,Action,14A
37,American History X,https://www.imdb.com/title/tt0120586/,8.5,1h 59min,Tony Kaye,1 July 1998 (Canada),USA,"1,037,429",62,A former neo-nazi skinhead tries to prevent his younger brother from going down the same wrong path that he did.,David McKenna,Edward Norton,Drama,18A
38,Modern Times,https://www.imdb.com/title/tt0027977/,8.5,1h 27min,Charles Chaplin,25 February 1936 (USA),USA,"218,766",96,The Tramp struggles to live in modern industrial society with the help of a young homeless woman.,Charles Chaplin,Charles Chaplin,Comedy,1h27min
39,Gladiator,https://www.imdb.com/title/tt0172495/,8.5,2h 35min,Ridley Scott,5 May 2000 (USA),USA,"1,345,649",67,A former Roman General sets out to exact vengeance against the corrupt emperor who murdered his family and sent him into slavery.,David Franzoni,Russell Crowe,Action,18
40,Psycho,https://www.imdb.com/title/tt0054215/,8.5,1h 49min,Alfred Hitchcock,17 August 1960 (Canada),USA,"606,222",97,"A Phoenix secretary embezzles $40,000 from her employer's client, goes on the run, and checks into a remote motel run by a young man under the domination of his mother.",Joseph Stefano,Anthony Perkins,Horror,18A
41,The Departed,https://www.imdb.com/title/tt0407887/,8.5,2h 31min,Martin Scorsese,6 October 2006 (Canada),USA,"1,194,042",85,An undercover cop and a mole in the police attempt to identify each other while infiltrating an Irish gang in South Boston.,William Monahan,Leonardo DiCaprio,Crime,18A
42,City Lights,https://www.imdb.com/title/tt0021749/,8.5,1h 27min,Charles Chaplin,3 April 1931 (Canada),USA,"168,488",99,"With the aid of a wealthy erratic tippler, a dewy-eyed tramp who has fallen in love with a sightless flower girl accumulates money to be able to help her medically.",Charles Chaplin,Charles Chaplin,Comedy,G
43,The Intouchables,https://www.imdb.com/title/tt1675434/,8.5,1h 52min,Olivier Nakache,2 November 2011 (France),France,"763,921",,"After he becomes a quadriplegic from a paragliding accident, an aristocrat hires a young man from the projects to be his caregiver.",Olivier Nakache,François Cluzet,Biography,14A
44,Whiplash,https://www.imdb.com/title/tt2582802/,8.5,1h 46min,Damien Chazelle,15 October 2014 (Philippines),USA,"721,052",88,A promising young drummer enrolls at a cut-throat music conservatory where his dreams of greatness are mentored by an instructor who will stop at nothing to realize a student's potential.,Damien Chazelle,Miles Teller,Drama,14A
45,Hotaru no haka,https://www.imdb.com/title/tt0095327/,8.5,1h 29min,Isao Takahata,16 April 1988 (Japan),Japanese,"236,535",94,A young boy and his little sister struggle to survive in Japan during World War II.,Akiyuki Nosaka,Tsutomu Tatsumi,Animation,PG
46,The Prestige,https://www.imdb.com/title/tt0482571/,8.5,2h 10min,Christopher Nolan,20 October 2006 (Canada),English,"1,194,539",66,"After a tragic accident, two stage magicians engage in a battle to create the ultimate illusion while sacrificing everything they have to outwit each other.",Jonathan Nolan,Christian Bale,Drama,14A
47,Once Upon a Time in the West,https://www.imdb.com/title/tt0064116/,8.5,2h 45min,Sergio Leone,21 December 1968 (Italy),English,"303,783",80,A mysterious stranger with a harmonica joins forces with a notorious desperado to protect a beautiful widow from a ruthless assassin working for the railroad.,Sergio Donati,Henry Fonda,Western,13+
48,Casablanca,https://www.imdb.com/title/tt0034583/,8.5,1h 42min,Michael Curtiz,23 January 1943 (USA),USA,"523,681",100,A cynical expatriate American cafe owner struggles to decide whether or not to help his former lover and her fugitive husband escape the Nazis in French Morocco.,Julius J. Epstein,Humphrey Bogart,Drama,G
49,Nuovo Cinema Paradiso,https://www.imdb.com/title/tt0095765/,8.5,2h 35min,Giuseppe Tornatore,17 November 1988 (Italy),Italy,"231,752",80,A filmmaker recalls his childhood when falling in love with the pictures at the cinema of his home village and forms a deep friendship with the cinema's projectionist.,Giuseppe Tornatore,Philippe Noiret,Drama,PG
50,Rear Window,https://www.imdb.com/title/tt0047396/,8.4,1h 52min,Alfred Hitchcock,September 1954 (USA),English,"445,487",100,A wheelchair-bound photographer spies on his neighbors from his apartment window and becomes convinced one of them has committed murder.,John Michael Hayes,James Stewart,Mystery,PG
51,Alien,https://www.imdb.com/title/tt0078748/,8.4,1h 57min,Ridley Scott,22 June 1979 (USA),UK,"790,306",89,"After a space merchant vessel receives an unknown transmission as a distress call, one of the crew is attacked by a mysterious life form and they soon realize that its life cycle has merely begun.",Dan O'Bannon,Sigourney Weaver,Horror,R
52,Apocalypse Now,https://www.imdb.com/title/tt0078788/,8.4,2h 27min,Francis Ford Coppola,15 August 1979 (USA),USA,"608,360",94,A U.S. Army officer serving in Vietnam is tasked with assassinating a renegade Special Forces Colonel who sees himself as a god.,John Milius,Martin Sheen,Drama,R
53,Memento,https://www.imdb.com/title/tt0209144/,8.4,1h 53min,Christopher Nolan,25 May 2001 (USA),USA,"1,129,011",80,A man with short-term memory loss attempts to track down his wife's murderer.,Christopher Nolan,Guy Pearce,Mystery,14A
54,The Great Dictator,https://www.imdb.com/title/tt0032553/,8.4,2h 5min,Charles Chaplin,7 March 1941 (USA),USA,"203,846",,Dictator Adenoid Hynkel tries to expand his empire while a poor Jewish barber tries to avoid persecution from Hynkel's regime.,Charles Chaplin,Charles Chaplin,Comedy,PG
55,Raiders of the Lost Ark,https://www.imdb.com/title/tt0082971/,8.4,1h 55min,Steven Spielberg,12 June 1981 (Canada),USA,"886,348",85,"In 1936, archaeologist and adventurer Indiana Jones is hired by the U.S. government to find the Ark of the Covenant before Adolf Hitler's Nazis can obtain its awesome powers.",Lawrence Kasdan,Harrison Ford,Action,13+
56,Hamilton,https://www.imdb.com/title/tt8503618/,8.5,2h 40min,Thomas Kail,3 July 2020 (Canada),USA,"57,212",90,"The real life of one of America's foremost founding fathers and first Secretary of the Treasury, Alexander Hamilton. Captured live on Broadway from the Richard Rodgers Theater with the original Broadway cast.",Lin-Manuel Miranda,Lin-Manuel Miranda,Biography,G
57,Django Unchained,https://www.imdb.com/title/tt1853728/,8.4,2h 45min,Quentin Tarantino,25 December 2012 (Canada),USA,"1,363,267",81,"With the help of a German bounty hunter, a freed slave sets out to rescue his wife from a brutal Mississippi plantation owner.",Quentin Tarantino,Jamie Foxx,Drama,18A
58,The Lives of Others,https://www.imdb.com/title/tt0405094/,8.4,2h 17min,Florian Henckel von Donnersmarck,23 March 2006 (Germany),Germany,"359,927",89,"In 1984 East Berlin, an agent of the secret police, conducting surveillance on a writer and his lover, finds himself becoming increasingly absorbed by their lives.",Florian Henckel von Donnersmarck,Ulrich Mühe,Drama,14A
59,Paths of Glory,https://www.imdb.com/title/tt0050825/,8.4,1h 28min,Stanley Kubrick,25 October 1957 (Canada),English,"178,889",90,"After refusing to attack an enemy position, a general accuses the soldiers of cowardice and their commanding officer must defend them.",Stanley Kubrick,Kirk Douglas,Drama,PG
60,Joker,https://www.imdb.com/title/tt7286456/,8.4,2h 2min,Todd Phillips,4 October 2019 (Canada),USA,"948,825",,"In Gotham City, mentally troubled comedian Arthur Fleck is disregarded and mistreated by society. He then embarks on a downward spiral of revolution and bloody crime. This path brings him face-to-face with his alter-ego: the Joker.",Todd Phillips,Joaquin Phoenix,Crime,14A
61,WALL·E,https://www.imdb.com/title/tt0910970/,8.4,1h 38min,Andrew Stanton,27 June 2008 (Canada),USA,"1,003,071",95,"In the distant future, a small waste-collecting robot inadvertently embarks on a space journey that will ultimately decide the fate of mankind.",Andrew Stanton,Ben Burtt,Animation,G
62,The Shining,https://www.imdb.com/title/tt0081505/,8.4,2h 26min,Stanley Kubrick,13 June 1980 (Canada),UK,"901,636",66,"A family heads to an isolated hotel for the winter where a sinister presence influences the father into violence, while his psychic son sees horrific forebodings from both past and future.",Stephen King,Jack Nicholson,Drama,R
63,Avengers: Infinity War,https://www.imdb.com/title/tt4154756/,8.4,2h 29min,Anthony Russo,27 April 2018 (Canada),USA,"840,555",68,The Avengers and their allies must be willing to sacrifice all in an attempt to defeat the powerful Thanos before his blitz of devastation and ruin puts an end to the universe.,Christopher Markus,Robert Downey Jr.,Action,PG
64,Sunset Blvd.,https://www.imdb.com/title/tt0043014/,8.4,1h 50min,Billy Wilder,29 September 1950 (Australia),English,"202,337",,A screenwriter develops a dangerous relationship with a faded film star determined to make a triumphant return.,Charles Brackett,William Holden,Drama,PG
65,Witness for the Prosecution,https://www.imdb.com/title/tt0051201/,8.4,1h 56min,Billy Wilder,19 February 1958 (Canada),English,"109,431",,A veteran British barrister must defend his client in a murder trial that has surprise after surprise.,Agatha Christie,Tyrone Power,Crime,PG
66,Oldeuboi,https://www.imdb.com/title/tt0364569/,8.4,2h,Chan-wook Park,21 November 2003 (South Korea),South Korea,"517,386",77,"After being kidnapped and imprisoned for fifteen years, Oh Dae-Su is released, only to find that he must find his captor in five days.",Garon Tsuchiya,Choi Min-sik,Action,R
67,Mononoke-hime,https://www.imdb.com/title/tt0119698/,8.4,2h 14min,Hayao Miyazaki,26 November 1999 (Canada),Japan,"344,887",76,"On a journey to find the cure for a Tatarigami's curse, Ashitaka finds himself in the middle of a war between the forest gods and Tatara, a mining colony. In this quest he also meets San, the Mononoke Hime.",Hayao Miyazaki,Yôji Matsuda,Animation,14A
68,Spider-Man: Into the Spider-Verse,https://www.imdb.com/title/tt4633694/,8.4,1h 57min,Bob Persichetti,14 December 2018 (Canada),USA,"378,864",87,"Teen Miles Morales becomes the Spider-Man of his universe, and must join with five spider-powered individuals from other dimensions to stop a threat for all realities.",Phil Lord,Shameik Moore,Animation,PG
69,Dr. Strangelove or: How I Learned to Stop Worrying and Love the Bomb,https://www.imdb.com/title/tt0057012/,8.4,1h 35min,Stanley Kubrick,February 1964 (Canada),UK,"451,849",97,An insane general triggers a path to nuclear holocaust that a War Room full of politicians and generals frantically tries to stop.,Stanley Kubrick,Peter Sellers,Comedy,PG
70,The Dark Knight Rises,https://www.imdb.com/title/tt1345836/,8.4,2h 44min,Christopher Nolan,20 July 2012 (Canada),UK,"1,520,833",78,"Eight years after the Joker's reign of anarchy, Batman, with the help of the enigmatic Catwoman, is forced from his exile to save Gotham City from the brutal guerrilla terrorist Bane.",Jonathan Nolan,Christian Bale,Action,14A
71,Once Upon a Time in America,https://www.imdb.com/title/tt0087843/,8.4,3h 49min,Sergio Leone,1 June 1984 (Canada),Italy,"312,650",,"A former Prohibition-era Jewish gangster returns to the Lower East Side of Manhattan over thirty years later, where he once again must confront the ghosts and regrets of his old life.",Harry Grey,Robert De Niro,Crime,18A
72,Kimi no na wa.,https://www.imdb.com/title/tt5311514/,8.4,1h 46min,Makoto Shinkai,26 August 2016 (Japan),Japan,"197,295",79,"Two strangers find themselves linked in a bizarre way. When a connection forms, will distance be the only thing to keep them apart?",Makoto Shinkai,Ryûnosuke Kamiki,Animation,PG
73,Aliens,https://www.imdb.com/title/tt0090605/,8.3,2h 17min,James Cameron,18 July 1986 (Canada),USA,"654,399",84,"Fifty-seven years after surviving an apocalyptic attack aboard her space vessel by merciless space creatures, Officer Ripley awakens from hyper-sleep and tries to warn anyone who will listen about the predators.",James Cameron,Sigourney Weaver,Action,R
74,Coco,https://www.imdb.com/title/tt2380307/,8.4,1h 45min,Lee Unkrich,22 November 2017 (Canada),USA,"387,972",81,"Aspiring musician Miguel, confronted with his family's ancestral ban on music, enters the Land of the Dead to find his great-great-grandfather, a legendary singer.",Lee Unkrich,Anthony Gonzalez,Animation,PG
75,Avengers: Endgame,https://www.imdb.com/title/tt4154796/,8.4,3h 1min,Anthony Russo,26 April 2019 (Canada),USA,"819,114",78,"After the devastating events of Avengers: Infinity War (2018), the universe is in ruins. With the help of remaining allies, the Avengers assemble once more in order to reverse Thanos' actions and restore balance to the universe.",Christopher Markus,Robert Downey Jr.,Action,PG
76,American Beauty,https://www.imdb.com/title/tt0169547/,8.3,2h 2min,Sam Mendes,1 October 1999 (USA),USA,"1,072,494",84,A sexually frustrated suburban father has a mid-life crisis after becoming infatuated with his daughter's best friend.,Alan Ball,Kevin Spacey,Drama,18A
77,Braveheart,https://www.imdb.com/title/tt0112573/,8.3,2h 58min,Mel Gibson,24 May 1995 (USA),USA,"961,570",68,Scottish warrior William Wallace leads his countrymen in a rebellion to free his homeland from the tyranny of King Edward I of England.,Randall Wallace,Mel Gibson,Biography,18A
78,Capharnaüm,https://www.imdb.com/title/tt8267604/,8.4,2h 6min,Nadine Labaki,20 September 2018 (Lebanon),Lebanon,"63,708",75,"While serving a five-year sentence for a violent crime, a 12-year-old boy sues his parents for neglect.",Nadine Labaki,Zain Al Rafeea,Drama,14A
79,Das Boot,https://www.imdb.com/title/tt0082096/,8.3,2h 29min,Wolfgang Petersen,10 February 1982 (Canada),West Germany,"232,581",86,"The claustrophobic world of a WWII German U-boat; boredom, filth and sheer terror.",Wolfgang Petersen,Jürgen Prochnow,Adventure,14A
80,Toy Story,https://www.imdb.com/title/tt0114709/,8.3,1h 21min,John Lasseter,22 November 1995 (Canada),USA,"890,446",95,A cowboy doll is profoundly threatened and jealous when a new spaceman figure supplants him as top toy in a boy's room.,John Lasseter,Tom Hanks,Animation,G
81,3 Idiots,https://www.imdb.com/title/tt1187043/,8.4,2h 50min,Rajkumar Hirani,25 December 2009 (India),India,"345,800",67,"Two friends are searching for their long lost companion. They revisit their college days and recall the memories of their friend who inspired them to think differently, even as the rest of the world called them ""idiots"".",Rajkumar Hirani,Aamir Khan,Comedy,PG
82,Tengoku to jigoku,https://www.imdb.com/title/tt0057565/,8.4,2h 23min,Akira Kurosawa,1 March 1963 (Japan),Japanese,"34,817",,An executive of a shoe company becomes a victim of extortion when his chauffeur's son is kidnapped and held for ransom.,Hideo Oguni,Toshirô Mifune,Crime,2h23min
83,Amadeus,https://www.imdb.com/title/tt0086879/,8.3,2h 40min,Milos Forman,19 September 1984 (USA),USA,"370,095",88,"The life, success and troubles of Wolfgang Amadeus Mozart, as told by Antonio Salieri, the contemporaneous composer who was insanely jealous of Mozart's talent and claimed to have murdered him.",Peter Shaffer,F. Murray Abraham,Biography,PG
84,Inglourious Basterds,https://www.imdb.com/title/tt0361748/,8.3,2h 33min,Quentin Tarantino,21 August 2009 (Canada),USA,"1,273,160",69,"In Nazi-occupied France during World War II, a plan to assassinate Nazi leaders by a group of Jewish U.S. soldiers coincides with a theatre owner's vengeful plans for the same.",Quentin Tarantino,Brad Pitt,Adventure,18A
85,Star Wars: Episode VI - Return of the Jedi,https://www.imdb.com/title/tt0086190/,8.3,2h 11min,Richard Marquand,25 May 1983 (Canada),USA,"953,293",,"After a daring mission to rescue Han Solo from Jabba the Hutt, the Rebels dispatch to Endor to destroy the second Death Star. Meanwhile, Luke struggles to help Darth Vader back from the dark side without falling into the Emperor's trap.",Lawrence Kasdan,Mark Hamill,Action,G
86,Good Will Hunting,https://www.imdb.com/title/tt0119217/,8.3,2h 6min,Gus Van Sant,9 January 1998 (Canada),USA,"864,750",70,"Will Hunting, a janitor at M.I.T., has a gift for mathematics, but needs help from a psychologist to find direction in his life.",Matt Damon,Robin Williams,Drama,14A
87,Taare Zameen Par,https://www.imdb.com/title/tt0986264/,8.4,2h 45min,Aamir Khan,21 December 2007 (Canada),India,"169,773",,"An eight-year-old boy is thought to be a lazy trouble-maker, until the new art teacher has the patience and compassion to discover the real problem behind his struggles in school.",Amole Gupte,Darsheel Safary,Drama,PG
88,Reservoir Dogs,https://www.imdb.com/title/tt0105236/,8.3,1h 39min,Quentin Tarantino,2 September 1992 (France),USA,"921,622",79,"When a simple jewelry heist goes horribly wrong, the surviving criminals begin to suspect that one of them is a police informant.",Quentin Tarantino,Harvey Keitel,Crime,18+
89,2001: A Space Odyssey,https://www.imdb.com/title/tt0062622/,8.3,2h 29min,Stanley Kubrick,12 May 1968 (UK),UK,"605,427",84,"After discovering a mysterious artifact buried beneath the Lunar surface, mankind sets off on a quest to find its origins with help from intelligent supercomputer H.A.L. 9000.",Stanley Kubrick,Keir Dullea,Adventure,G
90,Requiem for a Dream,https://www.imdb.com/title/tt0180093/,8.3,1h 42min,Darren Aronofsky,3 November 2000 (Canada),English,"769,333",68,The drug-induced utopias of four Coney Island people are shattered when their addictions run deep.,Hubert Selby Jr.,Ellen Burstyn,Drama,R
91,Vertigo,https://www.imdb.com/title/tt0052357/,8.3,2h 8min,Alfred Hitchcock,16 June 1958 (Canada),USA,"365,663",100,A former police detective juggles wrestling with his personal demons and becoming obsessed with a hauntingly beautiful woman.,Alec Coppel,James Stewart,Mystery,G
92,M - Eine Stadt sucht einen Mörder,https://www.imdb.com/title/tt0022100/,8.3,1h 57min,Fritz Lang,31 August 1931 (Sweden),German,"143,992",,"When the police in a German city are unable to catch a child-murderer, other criminals join in the manhunt.",Thea von Harbou,Peter Lorre,Crime,G
93,Jagten,https://www.imdb.com/title/tt2106476/,8.3,1h 55min,Thomas Vinterberg,10 January 2013 (Denmark),Denmark,"283,378",77,"A teacher lives a lonely life, all the while struggling over his son's custody. His life slowly gets better as he finds love and receives good news from his son, but his new luck is about to be brutally shattered by an innocent little lie.",Tobias Lindholm,Mads Mikkelsen,Drama,R
94,Eternal Sunshine of the Spotless Mind,https://www.imdb.com/title/tt0338013/,8.3,1h 48min,Michel Gondry,19 March 2004 (USA),USA,"914,466",89,"When their relationship turns sour, a couple undergoes a medical procedure to have each other erased from their memories.",Charlie Kaufman,Jim Carrey,Drama,14A
95,Citizen Kane,https://www.imdb.com/title/tt0033467/,8.3,1h 59min,Orson Welles,5 September 1941 (USA),USA,"404,925",100,"Following the death of publishing tycoon Charles Foster Kane, reporters scramble to uncover the meaning of his final utterance; 'Rosebud'.",Herman J. Mankiewicz,Orson Welles,Drama,G
96,Dangal,https://www.imdb.com/title/tt5074352/,8.4,2h 41min,Nitesh Tiwari,23 December 2016 (Canada),USA,"157,454",,Former wrestler Mahavir Singh Phogat and his two wrestler daughters struggle towards glory at the Commonwealth Games in the face of societal oppression.,Piyush Gupta,Aamir Khan,Action,PG
97,Ladri di biciclette,https://www.imdb.com/title/tt0040522/,8.3,1h 29min,Vittorio De Sica,24 November 1948 (Italy),Italian,"147,136",,"In post-war Italy, a working-class man's bicycle is stolen. He and his son set out to find it.",Cesare Zavattini,Lamberto Maggiorani,Drama,1h29min
98,Singin' in the Rain,https://www.imdb.com/title/tt0045152/,8.3,1h 43min,Stanley Donen,11 April 1952 (USA),English,"219,735",99,A silent film production company and cast make a difficult transition to sound.,Betty Comden,Gene Kelly,Comedy,G
99,Full Metal Jacket,https://www.imdb.com/title/tt0093058/,8.3,1h 56min,Stanley Kubrick,26 June 1987 (Canada),English,"677,232",76,A pragmatic U.S. Marine observes the dehumanizing effects the Vietnam War has on his fellow recruits from their brutal boot camp training to the bloody street fighting in Hue.,Stanley Kubrick,Matthew Modine,Drama,R
100,The Kid,https://www.imdb.com/title/tt0012349/,8.3,1h 8min,Charles Chaplin,March 1921 (Canada),USA,"113,933",,"The Tramp cares for an abandoned child, but events put that relationship in jeopardy.",Charles Chaplin,Charles Chaplin,Comedy,1h8min
101,Snatch,https://www.imdb.com/title/tt0208092/,8.3,1h 44min,Guy Ritchie,19 January 2001 (Canada),UK,"784,134",,"Unscrupulous boxing promoters, violent bookmakers, a Russian gangster, incompetent amateur robbers and supposedly Jewish jewelers fight to track down a priceless stolen diamond.",Guy Ritchie,Jason Statham,Comedy,16+
102,Idi i smotri,https://www.imdb.com/title/tt0091251/,8.3,2h 22min,Elem Klimov,17 October 1985 (Hungary),Russian,"59,675",,"After finding an old rifle, a young boy joins the Soviet resistance movement against ruthless German forces and experiences the horrors of World War II.",Ales Adamovich,Aleksey Kravchenko,Drama,16+
103,North by Northwest,https://www.imdb.com/title/tt0053125/,8.3,2h 16min,Alfred Hitchcock,11 September 1959 (Canada),English,"300,059",98,A New York City advertising executive goes on the run after being mistaken for a government agent by a group of foreign spies.,Ernest Lehman,Cary Grant,Adventure,18A
104,A Clockwork Orange,https://www.imdb.com/title/tt0066921/,8.3,2h 16min,Stanley Kubrick,13 January 1972 (UK),English,"760,066",77,"In the future, a sadistic gang leader is imprisoned and volunteers for a conduct-aversion experiment, but it doesn't go as planned.",Stanley Kubrick,Malcolm McDowell,Crime,(Banned)
105,Scarface,https://www.imdb.com/title/tt0086250/,8.3,2h 50min,Brian De Palma,9 December 1983 (Canada),USA,"743,588",65,"In 1980 Miami, a determined Cuban immigrant takes over a drug cartel and succumbs to greed.",Oliver Stone,Al Pacino,Crime,18+
106,Ikiru,https://www.imdb.com/title/tt0044741/,8.3,2h 23min,Akira Kurosawa,9 October 1952 (Japan),Japanese,"68,864",,A bureaucrat tries to find a meaning in his life after he discovers he has terminal cancer.,Akira Kurosawa,Takashi Shimura,Drama,2h23min
107,1917,https://www.imdb.com/title/tt8579674/,8.3,1h 59min,Sam Mendes,10 January 2020 (Canada),USA,"433,111",78,"April 6th, 1917. As a regiment assembles to wage war deep in enemy territory, two soldiers are assigned to race against time and deliver a message that will stop 1,600 men from walking straight into a deadly trap.",Sam Mendes,Dean-Charles Chapman,Drama,14A
108,Taxi Driver,https://www.imdb.com/title/tt0075314/,8.2,1h 54min,Martin Scorsese,19 March 1976 (Canada),English,"727,657",94,"A mentally unstable veteran works as a nighttime taxi driver in New York City, where the perceived decadence and sleaze fuels his urge for violent action by attempting to liberate a presidential campaign worker and an underage prostitute.",Paul Schrader,Robert De Niro,Crime,18A
109,Incendies,https://www.imdb.com/title/tt1255953/,8.3,2h 10min,Denis Villeneuve,12 January 2011 (France),Canada,"150,956",80,Twins journey to the Middle East to discover their family history and fulfill their mother's last wishes.,Denis Villeneuve,Lubna Azabal,Drama,14A
110,Jodaeiye Nader az Simin,https://www.imdb.com/title/tt1832382/,8.3,2h 3min,Asghar Farhadi,16 March 2011 (Iran),Iran,"220,827",95,A married couple are faced with a difficult decision - to improve the life of their child by moving to another country or to stay in Iran and look after a deteriorating parent who has Alzheimer's disease.,Asghar Farhadi,Payman Maadi,Drama,PG
111,Toy Story 3,https://www.imdb.com/title/tt0435761/,8.2,1h 43min,Lee Unkrich,18 June 2010 (Canada),USA,"759,325",92,"The toys are mistakenly delivered to a day-care center instead of the attic right before Andy leaves for college, and it's up to Woody to convince the other toys that they weren't abandoned and to return home.",John Lasseter,Tom Hanks,Animation,G
112,Lawrence of Arabia,https://www.imdb.com/title/tt0056172/,8.3,3h 48min,David Lean,30 January 1963 (Canada),UK,"268,927",100,"The story of T.E. Lawrence, the English officer who successfully united and led the diverse, often warring, Arab tribes during World War I in order to fight the Turks.",T.E. Lawrence,Peter O'Toole,Adventure,PG
113,The Sting,https://www.imdb.com/title/tt0070735/,8.3,2h 9min,George Roy Hill,25 December 1973 (Canada),English,"242,208",83,Two grifters team up to pull off the ultimate con.,David S. Ward,Paul Newman,Comedy,PG
114,Amélie,https://www.imdb.com/title/tt0211915/,8.3,2h 2min,Jean-Pierre Jeunet,9 November 2001 (Canada),France,"705,535",69,"Amélie is an innocent and naive girl in Paris with her own sense of justice. She decides to help those around her and, along the way, discovers love.",Guillaume Laurant,Audrey Tautou,Comedy,14A
115,Metropolis,https://www.imdb.com/title/tt0017136/,8.3,2h 33min,Fritz Lang,6 February 1927 (France),Germany,"160,560",98,"In a futuristic city sharply divided between the working class and the city planners, the son of the city's mastermind falls in love with a working-class prophet who predicts the coming of a savior to mediate their differences.",Thea von Harbou,Brigitte Helm,Drama,G
116,Per qualche dollaro in più,https://www.imdb.com/title/tt0059578/,8.2,2h 12min,Sergio Leone,20 December 1965 (Greece),Italian,"233,574",74,Two bounty hunters with the same intentions team up to track down a Western outlaw.,Sergio Leone,Clint Eastwood,Western,13+
117,The Apartment,https://www.imdb.com/title/tt0053604/,8.3,2h 5min,Billy Wilder,29 June 1960 (Canada),English,"165,014",94,"A man tries to rise in his company by letting its executives use his apartment for trysts, but complications and a romance of his own ensue.",Billy Wilder,Jack Lemmon,Comedy,PG
118,Double Indemnity,https://www.imdb.com/title/tt0036775/,8.3,1h 47min,Billy Wilder,25 August 1944 (Canada),USA,"144,074",95,An insurance representative lets himself be talked by a seductive housewife into a murder/insurance fraud scheme that arouses the suspicion of an insurance investigator.,Billy Wilder,Fred MacMurray,Crime,G
119,To Kill a Mockingbird,https://www.imdb.com/title/tt0056592/,8.2,2h 9min,Robert Mulligan,March 1963 (Canada),USA,"294,512",88,"Atticus Finch, a lawyer in the Depression-era South, defends a black man against an undeserved rape charge, and his children against prejudice.",Harper Lee,Gregory Peck,Crime,PG
120,Up,https://www.imdb.com/title/tt1049413/,8.2,1h 36min,Pete Docter,29 May 2009 (Canada),USA,"938,740",88,"78-year-old Carl Fredricksen travels to Paradise Falls in his house equipped with balloons, inadvertently taking a young stowaway.",Pete Docter,Edward Asner,Animation,G
121,Indiana Jones and the Last Crusade,https://www.imdb.com/title/tt0097576/,8.2,2h 7min,Steven Spielberg,24 May 1989 (Canada),USA,"694,006",65,"In 1938, after his father Professor Henry Jones, Sr. goes missing while pursuing the Holy Grail, Professor Henry ""Indiana"" Jones, Jr. finds himself up against Adolf Hitler's Nazis again to stop them from obtaining its powers.",Jeffrey Boam,Harrison Ford,Action,PG
122,Heat,https://www.imdb.com/title/tt0113277/,8.2,2h 50min,Michael Mann,15 December 1995 (USA),USA,"579,469",76,A group of professional bank robbers start to feel the heat from police when they unknowingly leave a clue at their latest heist.,Michael Mann,Al Pacino,Crime,16+
123,L.A. Confidential,https://www.imdb.com/title/tt0119488/,8.2,2h 18min,Curtis Hanson,19 September 1997 (USA),USA,"533,533",90,"As corruption grows in 1950s Los Angeles, three policemen - one strait-laced, one brutal, and one sleazy - investigate a series of murders with their own brand of justice.",James Ellroy,Kevin Spacey,Crime,18A
124,Die Hard,https://www.imdb.com/title/tt0095016/,8.2,2h 12min,John McTiernan,20 July 1988 (USA),USA,"795,021",72,An NYPD officer tries to save his wife and several others taken hostage by German terrorists during a Christmas party at the Nakatomi Plaza in Los Angeles.,Roderick Thorp,Bruce Willis,Action,R
125,Green Book,https://www.imdb.com/title/tt6966692/,8.2,2h 10min,Peter Farrelly,21 November 2018 (Canada),USA,"382,791",69,A working-class Italian-American bouncer becomes the driver of an African-American classical pianist on a tour of venues through the 1960s American South.,Nick Vallelonga,Viggo Mortensen,Biography,PG
126,Monty Python and the Holy Grail,https://www.imdb.com/title/tt0071853/,8.2,1h 31min,Terry Gilliam,25 May 1975 (UK),English,"502,047",91,"King Arthur and his Knights of the Round Table embark on a surreal, low-budget search for the Holy Grail, encountering many, very silly obstacles.",Graham Chapman,Graham Chapman,Adventure,PG
127,Batman Begins,https://www.imdb.com/title/tt0372784/,8.2,2h 20min,Christopher Nolan,15 June 2005 (Canada),USA,"1,312,038",70,"After training with his mentor, Batman begins his fight to free crime-ridden Gotham City from corruption.",Bob Kane,Christian Bale,Action,PG
128,Yôjinbô,https://www.imdb.com/title/tt0055630/,8.2,1h 50min,Akira Kurosawa,25 April 1961 (Japan),Japanese,"111,738",,A crafty ronin comes to a town divided by two criminal gangs and decides to play them against each other to free the town.,Akira Kurosawa,Toshirô Mifune,Action,G
129,Rashômon,https://www.imdb.com/title/tt0042876/,8.2,1h 28min,Akira Kurosawa,26 August 1950 (Japan),Japanese,"153,195",98,"The rape of a bride and the murder of her samurai husband are recalled from the perspectives of a bandit, the bride, the samurai's ghost and a woodcutter.",Ryûnosuke Akutagawa,Toshirô Mifune,Crime,G
130,Der Untergang,https://www.imdb.com/title/tt0363163/,8.2,2h 36min,Oliver Hirschbiegel,16 September 2004 (Germany),Germany,"332,199",82,"Traudl Junge, the final secretary for Adolf Hitler, tells of the Nazi dictator's final days in his Berlin bunker at the end of WWII.",Bernd Eichinger,Bruno Ganz,Biography,14A
131,Bacheha-Ye aseman,https://www.imdb.com/title/tt0118849/,8.3,1h 29min,Majid Majidi,1997 (Iran),Iran,"65,712",77,"After a boy loses his sister's pair of shoes, he goes on a series of adventures in order to find them. When he can't, he tries a new way to ""win"" a new pair.",Majid Majidi,Mohammad Amir Naji,Drama,PG
132,Unforgiven,https://www.imdb.com/title/tt0105695/,8.2,2h 10min,Clint Eastwood,7 August 1992 (USA),USA,"377,040",85,"Retired Old West gunslinger William Munny reluctantly takes on one last job, with the help of his old partner Ned Logan and a young man, The ""Schofield Kid.""",David Webb Peoples,Clint Eastwood,Drama,14A
133,Ran,https://www.imdb.com/title/tt0089881/,8.2,2h 42min,Akira Kurosawa,1 June 1985 (Japan),Japanese,"112,974",96,"In Medieval Japan, an elderly warlord retires, handing over his empire to his three sons. However, he vastly underestimates how the new-found power will corrupt them and cause them to turn on each other...and him.",Akira Kurosawa,Tatsuya Nakadai,Action,PG
134,Some Like It Hot,https://www.imdb.com/title/tt0053291/,8.2,2h 1min,Billy Wilder,14 May 1959 (Canada),English,"244,737",98,"After two male musicians witness a mob hit, they flee the state in an all-female band disguised as women, but further complications set in.",Billy Wilder,Marilyn Monroe,Comedy,PG
135,Hauru no ugoku shiro,https://www.imdb.com/title/tt0347149/,8.2,1h 59min,Hayao Miyazaki,17 June 2005 (Canada),Japan,"335,883",80,"When an unconfident young woman is cursed with an old body by a spiteful witch, her only chance of breaking the spell lies with a self-indulgent yet insecure young wizard and his companions in his legged, walking castle.",Hayao Miyazaki,Chieko Baishô,Animation,PG
136,All About Eve,https://www.imdb.com/title/tt0042192/,8.2,2h 18min,Joseph L. Mankiewicz,27 October 1950 (USA),USA,"120,910",98,A seemingly timid but secretly ruthless ingénue insinuates herself into the lives of an aging Broadway star and her circle of theater friends.,Joseph L. Mankiewicz,Bette Davis,Drama,PG
137,Casino,https://www.imdb.com/title/tt0112641/,8.2,2h 58min,Martin Scorsese,22 November 1995 (Canada),English,"468,112",73,"A tale of greed, deception, money, power, and murder occur between two best friends: a mafia enforcer and a casino executive compete against each other over a gambling empire, and over a fast-living and fast-loving socialite.",Nicholas Pileggi,Robert De Niro,Crime,16+
138,A Beautiful Mind,https://www.imdb.com/title/tt0268978/,8.2,2h 15min,Ron Howard,4 January 2002 (Canada),USA,"851,875",72,"After John Nash, a brilliant but asocial mathematician, accepts secret work in cryptography, his life takes a turn for the nightmarish.",Akiva Goldsman,Russell Crowe,Biography,PG
139,The Great Escape,https://www.imdb.com/title/tt0057115/,8.2,2h 52min,John Sturges,4 July 1963 (USA),English,"225,357",86,Allied prisoners of war plan for several hundred of their number to escape from a German camp during World War II.,Paul Brickhill,Steve McQueen,Adventure,PG
140,The Wolf of Wall Street,https://www.imdb.com/title/tt0993846/,8.2,3h,Martin Scorsese,25 December 2013 (Canada),USA,"1,195,351",75,"Based on the true story of Jordan Belfort, from his rise to a wealthy stock-broker living the high life to his fall involving crime, corruption and the federal government.",Terence Winter,Leonardo DiCaprio,Biography,18A
141,Pan's Labyrinth,https://www.imdb.com/title/tt0457430/,8.2,1h 58min,Guillermo del Toro,19 January 2007 (Canada),Mexico,"620,218",98,"In the Falangist Spain of 1944, the bookish young stepdaughter of a sadistic army officer escapes into an eerie but captivating fantasy world.",Guillermo del Toro,Ivana Baquero,Drama,14A
142,El secreto de sus ojos,https://www.imdb.com/title/tt1305806/,8.2,2h 9min,Juan José Campanella,13 August 2009 (Argentina),Argentina,"193,866",80,A retired legal counselor writes a novel hoping to find closure for one of his past unresolved homicide cases and for his unreciprocated love with his superior - both of which still haunt him decades later.,Eduardo Sacheri,Ricardo Darín,Drama,18A
143,There Will Be Blood,https://www.imdb.com/title/tt0469494/,8.2,2h 38min,Paul Thomas Anderson,25 January 2008 (USA),USA,"519,537",93,"A story of family, religion, hatred, oil and madness, focusing on a turn-of-the-century prospector in the early days of the business.",Paul Thomas Anderson,Daniel Day-Lewis,Drama,PG
144,"Lock, Stock and Two Smoking Barrels",https://www.imdb.com/title/tt0120735/,8.2,1h 47min,Guy Ritchie,5 March 1999 (Canada),UK,"536,621",66,"Eddy persuades his three pals to pool money for a vital poker game against a powerful local mobster, Hatchet Harry. Eddy loses, after which Harry gives him a week to pay back 500,000 pounds.",Guy Ritchie,Jason Flemyng,Action,16+
145,Judgment at Nuremberg,https://www.imdb.com/title/tt0055031/,8.2,2h 59min,Stanley Kramer,18 December 1961 (Sweden),English,"69,732",,"In 1948, an American court in occupied Germany tries four Nazis judged for war crimes.",Abby Mann,Spencer Tracy,Drama,2h59min
146,Tonari no Totoro,https://www.imdb.com/title/tt0096283/,8.2,1h 26min,Hayao Miyazaki,16 April 1988 (Japan),Japan,"292,840",86,"When two girls move to the country to be near their ailing mother, they have adventures with the wondrous forest spirits who live nearby.",Hayao Miyazaki,Hitoshi Takagi,Animation,G
147,Raging Bull,https://www.imdb.com/title/tt0081398/,8.2,2h 9min,Martin Scorsese,19 December 1980 (USA),English,"322,870",89,"The life of boxer Jake LaMotta, whose violence and temper that led him to the top in the ring destroyed his life outside of it.",Jake LaMotta,Robert De Niro,Biography,18A
148,The Treasure of the Sierra Madre,https://www.imdb.com/title/tt0040897/,8.2,2h 6min,John Huston,February 1948 (Canada),English,"114,660",98,Two Americans searching for work in Mexico convince an old prospector to help them mine for gold in the Sierra Madre Mountains.,John Huston,Humphrey Bogart,Adventure,PG
149,Dial M for Murder,https://www.imdb.com/title/tt0046912/,8.2,1h 45min,Alfred Hitchcock,29 May 1954 (USA),English,"158,952",75,A former tennis player tries to arrange his wife's murder after learning of her affair.,Frederick Knott,Ray Milland,Crime,PG
150,"Three Billboards Outside Ebbing, Missouri",https://www.imdb.com/title/tt5027774/,8.1,1h 55min,Martin McDonagh,1 December 2017 (USA),UK,"435,550",88,A mother personally challenges the local authorities to solve her daughter's murder when they fail to catch the culprit.,Martin McDonagh,Frances McDormand,Comedy,14A
151,Shutter Island,https://www.imdb.com/title/tt1130884/,8.2,2h 18min,Martin Scorsese,19 February 2010 (Canada),English,"1,135,326",63,"In 1954, a U.S. Marshal investigates the disappearance of a murderer who escaped from a hospital for the criminally insane.",Laeta Kalogridis,Leonardo DiCaprio,Mystery,14A
152,The Gold Rush,https://www.imdb.com/title/tt0015864/,8.2,1h 35min,Charles Chaplin,27 September 1925 (Canada),USA,"101,504",,A prospector goes to the Klondike in search of gold and finds it and more.,Charles Chaplin,Charles Chaplin,Adventure,1h35min
153,Chinatown,https://www.imdb.com/title/tt0071315/,8.1,2h 10min,Roman Polanski,28 June 1974 (Canada),English,"295,320",92,"A private detective hired to expose an adulterer finds himself caught up in a web of deceit, corruption, and murder.",Robert Towne,Jack Nicholson,Drama,18A
154,Babam ve Oglum,https://www.imdb.com/title/tt0476735/,8.3,1h 52min,Veysel Aslan,18 November 2005 (Turkey),Turkey,"79,275",,The family of a left-wing journalist is torn apart after the military coup of Turkey in 1980.,Çagan Irmak,Eser Sariyar,Drama,1h52min
155,No Country for Old Men,https://www.imdb.com/title/tt0477348/,8.1,2h 2min,Ethan Coen,21 November 2007 (USA),USA,"860,187",91,Violence and mayhem ensue after a hunter stumbles upon a drug deal gone wrong and more than two million dollars in cash near the Rio Grande.,Joel Coen,Tommy Lee Jones,Crime,18A
156,V for Vendetta,https://www.imdb.com/title/tt0434409/,8.2,2h 12min,James McTeigue,17 March 2006 (Canada),USA,"1,035,348",62,"In a future British tyranny, a shadowy freedom fighter, known only by the alias of ""V"", plots to overthrow it with the help of a young woman.",Lilly Wachowski,Hugo Weaving,Action,14A
157,Inside Out,https://www.imdb.com/title/tt2096673/,8.1,1h 35min,Pete Docter,19 June 2015 (Canada),USA,"619,338",94,"After young Riley is uprooted from her Midwest life and moved to San Francisco, her emotions - Joy, Fear, Anger, Disgust and Sadness - conflict on how best to navigate a new city, house, and school.",Pete Docter,Amy Poehler,Animation,G
158,The Elephant Man,https://www.imdb.com/title/tt0080678/,8.1,2h 4min,David Lynch,10 October 1980 (Canada),English,"220,841",78,"A Victorian surgeon rescues a heavily disfigured man who is mistreated while scraping a living as a side-show freak. Behind his monstrous façade, there is revealed a person of kindness, intelligence and sophistication.",Christopher De Vore,Anthony Hopkins,Biography,13+
159,The Thing,https://www.imdb.com/title/tt0084787/,8.1,1h 49min,John Carpenter,25 June 1982 (Canada),English,"372,442",,A research team in Antarctica is hunted by a shape-shifting alien that assumes the appearance of its victims.,Bill Lancaster,Kurt Russell,Horror,18A
160,Det sjunde inseglet,https://www.imdb.com/title/tt0050976/,8.2,1h 36min,Ingmar Bergman,16 February 1957 (Sweden),Swedish,"165,726",88,"A man seeks answers about life, death, and the existence of God as he plays chess against the Grim Reaper during the Black Plague.",Ingmar Bergman,Max von Sydow,Drama,1h36min
161,Warrior,https://www.imdb.com/title/tt1291584/,8.2,2h 20min,Gavin O'Connor,9 September 2011 (Canada),USA,"437,158",71,"The youngest son of an alcoholic former boxer returns home, where he's trained by his father for competition in a mixed martial arts tournament - a path that puts the fighter on a collision course with his estranged, older brother.",Gavin O'Connor,Tom Hardy,Action,14A
162,The Sixth Sense,https://www.imdb.com/title/tt0167404/,8.1,1h 47min,M. Night Shyamalan,6 August 1999 (Canada),English,"913,660",64,A boy who communicates with spirits seeks the help of a disheartened child psychologist.,M. Night Shyamalan,Bruce Willis,Drama,14A
163,Trainspotting,https://www.imdb.com/title/tt0117951/,8.1,1h 33min,Danny Boyle,26 July 1996 (Canada),UK,"636,221",83,"Renton, deeply immersed in the Edinburgh drug scene, tries to clean up and get out, despite the allure of the drugs and influence of friends.",Irvine Welsh,Ewan McGregor,Drama,R
164,Jurassic Park,https://www.imdb.com/title/tt0107290/,8.1,2h 7min,Steven Spielberg,11 June 1993 (Canada),USA,"870,206",68,A pragmatic paleontologist visiting an almost complete theme park is tasked with protecting a couple of kids after a power failure causes the park's cloned dinosaurs to run loose.,Michael Crichton,Sam Neill,Action,PG
165,Klaus,https://www.imdb.com/title/tt4729430/,8.2,1h 36min,Sergio Pablos,15 November 2019 (Spain),Spain,"106,338",65,"A simple act of kindness always sparks another, even in a frozen, faraway place. When Smeerensburg's new postman, Jesper, befriends toymaker Klaus, their gifts melt an age-old feud and deliver a sleigh full of holiday traditions.",Sergio Pablos,Jason Schwartzman,Animation,G
166,The Truman Show,https://www.imdb.com/title/tt0120382/,8.1,1h 43min,Peter Weir,5 June 1998 (Canada),USA,"943,650",90,An insurance salesman discovers his whole life is actually a reality TV show.,Andrew Niccol,Jim Carrey,Comedy,PG
167,Gone with the Wind,https://www.imdb.com/title/tt0031381/,8.1,3h 58min,Victor Fleming,17 January 1940 (USA),USA,"290,905",97,A manipulative woman and a roguish man conduct a turbulent romance during the American Civil War and Reconstruction periods.,Margaret Mitchell,Clark Gable,Drama,G
168,Finding Nemo,https://www.imdb.com/title/tt0266543/,8.1,1h 40min,Andrew Stanton,30 May 2003 (Canada),USA,"952,226",90,"After his son is captured in the Great Barrier Reef and taken to Sydney, a timid clownfish sets out on a journey to bring him home.",Andrew Stanton,Albert Brooks,Animation,G
169,Stalker,https://www.imdb.com/title/tt0079944/,8.2,2h 42min,Andrei Tarkovsky,17 April 1980 (Netherlands),Russian,"117,578",,A guide leads two men through an area known as the Zone to find a room that grants wishes.,Arkadiy Strugatskiy,Alisa Freyndlikh,Drama,G
170,Smultronstället,https://www.imdb.com/title/tt0050986/,8.2,1h 31min,Ingmar Bergman,26 December 1957 (Sweden),Swedish,"96,854",88,"After living a life marked by coldness, an aging professor is forced to confront the emptiness of his existence.",Ingmar Bergman,Victor Sjöström,Drama,PA
171,Blade Runner,https://www.imdb.com/title/tt0083658/,8.1,1h 57min,Ridley Scott,25 June 1982 (Canada),USA,"695,733",84,"A blade runner must pursue and terminate four replicants who stole a ship in space, and have returned to Earth to find their creator.",Hampton Fancher,Harrison Ford,Action,PA
172,Kill Bill: Vol. 1,https://www.imdb.com/title/tt0266697/,8.1,1h 51min,Quentin Tarantino,10 October 2003 (Canada),USA,"1,003,745",69,"After awakening from a four-year coma, a former assassin wreaks vengeance on the team of assassins who betrayed her.",Quentin Tarantino,Uma Thurman,Action,16+
173,Salinui chueok,https://www.imdb.com/title/tt0353969/,8.1,2h 11min,Bong Joon Ho,23 October 2020 (Canada),South Korea,"140,799",82,"In a small Korean province in 1986, two detectives struggle with the case of multiple young women being found raped and murdered by an unknown culprit.",Bong Joon Ho,Kang-ho Song,Crime,14A
174,The Bridge on the River Kwai,https://www.imdb.com/title/tt0050212/,8.1,2h 41min,David Lean,March 1958 (Canada),English,"204,050",87,"British POWs are forced to build a railway bridge across the river Kwai for their Japanese captors, not knowing that the allied forces are planning to destroy it.",Pierre Boulle,William Holden,Adventure,PG
175,Fargo,https://www.imdb.com/title/tt0116282/,8.1,1h 38min,Joel Coen,5 April 1996 (Canada),USA,"619,458",85,Jerry Lundegaard's inept crime falls apart due to his and his henchmen's bungling and the persistent police work of the quite pregnant Marge Gunderson.,Ethan Coen,William H. Macy,Crime,14A
176,Room,https://www.imdb.com/title/tt3170832/,8.1,1h 58min,Lenny Abrahamson,15 January 2016 (Ireland),Canada,"373,403",86,"Held captive for 7 years in an enclosed space, a woman and her young son finally gain their freedom, allowing the boy to experience the outside world for the first time.",Emma Donoghue,Brie Larson,Drama,14A
177,Relatos salvajes,https://www.imdb.com/title/tt3011894/,8.1,2h 2min,Damián Szifron,21 August 2014 (Argentina),Argentina,"177,931",77,Six short stories that explore the extremities of human behavior involving people in distress.,Germán Servidio,Darío Grandinetti,Comedy,14A
178,Gran Torino,https://www.imdb.com/title/tt1205489/,8.1,1h 56min,Clint Eastwood,9 January 2009 (USA),Germany,"722,166",72,"Disgruntled Korean War veteran Walt Kowalski sets out to reform his neighbor, Thao Lor, a Hmong teenager who tried to steal Kowalski's prized possession: a 1972 Gran Torino.",Nick Schenk,Clint Eastwood,Drama,14A
179,Tôkyô monogatari,https://www.imdb.com/title/tt0046438/,8.2,2h 16min,Yasujirô Ozu,3 November 1953 (Japan),Japanese,"53,481",,"An old couple visit their children and grandchildren in the city, but receive little attention.",Kôgo Noda,Chishû Ryû,Drama,2h16min
180,The Third Man,https://www.imdb.com/title/tt0041959/,8.1,1h 44min,Carol Reed,12 October 1949 (France),English,"159,175",97,"Pulp novelist Holly Martins travels to shadowy, postwar Vienna, only to find himself investigating the mysterious death of an old friend, Harry Lime.",Graham Greene,Orson Welles,Film-Noir,PG
181,On the Waterfront,https://www.imdb.com/title/tt0047296/,8.1,1h 48min,Elia Kazan,22 June 1954 (Japan),USA,"142,575",91,An ex-prize fighter turned longshoreman struggles to stand up to his corrupt union bosses.,Budd Schulberg,Marlon Brando,Crime,PG
182,The Deer Hunter,https://www.imdb.com/title/tt0077416/,8.1,3h 3min,Michael Cimino,15 March 1979 (Canada),USA,"312,389",86,An in-depth examination of the ways in which the U.S. Vietnam War impacts and disrupts the lives of people in a small industrial town in Pennsylvania.,Michael Cimino,Robert De Niro,Drama,18+
183,In the Name of the Father,https://www.imdb.com/title/tt0107207/,8.1,2h 13min,Jim Sheridan,21 January 1994 (Canada),English,"157,410",84,A man's coerced confession to an I.R.A. bombing he did not commit results in the imprisonment of his father as well. An English lawyer fights to free them.,Gerry Conlon,Daniel Day-Lewis,Biography,R
184,Mary and Max,https://www.imdb.com/title/tt0978762/,8.1,1h 32min,Adam Elliot,9 April 2009 (Australia),Australia,"164,863",,"A tale of friendship between two unlikely pen pals: Mary, a lonely, eight-year-old girl living in the suburbs of Melbourne, and Max, a forty-four-year old, severely obese man living in New York.",Adam Elliot,Toni Collette,Animation,G
185,The Grand Budapest Hotel,https://www.imdb.com/title/tt2278388/,8.1,1h 39min,Wes Anderson,6 March 2014 (Germany),Germany,"710,752",88,"A writer encounters the owner of an aging high-class hotel, who tells him of his early years serving as a lobby boy in the hotel's glorious years under an exceptional concierge.",Stefan Zweig,Ralph Fiennes,Adventure,14A
186,Before Sunrise,https://www.imdb.com/title/tt0112471/,8.1,1h 41min,Richard Linklater,27 January 1995 (USA),English,"273,495",77,"A young man and woman meet on a train in Europe, and wind up spending one evening together in Vienna. Unfortunately, both know that this will probably be their only night together.",Richard Linklater,Ethan Hawke,Drama,PG
187,Gone Girl,https://www.imdb.com/title/tt2267998/,8.1,2h 29min,David Fincher,3 October 2014 (Canada),USA,"863,230",79,"With his wife's disappearance having become the focus of an intense media circus, a man sees the spotlight turned on him when it's suspected that he may not be innocent.",Gillian Flynn,Ben Affleck,Drama,18A
188,Catch Me If You Can,https://www.imdb.com/title/tt0264464/,8.1,2h 21min,Steven Spielberg,2 January 2003 (Canada),USA,"837,226",75,"Barely 21 yet, Frank is a skilled forger who has passed as a doctor, lawyer and pilot. FBI agent Carl becomes obsessed with tracking down the con man, who only revels in the pursuit.",Jeff Nathanson,Leonardo DiCaprio,Biography,PG
189,Hacksaw Ridge,https://www.imdb.com/title/tt2119532/,8.1,2h 19min,Mel Gibson,4 November 2016 (Canada),Australia,"438,356",71,"World War II American Army Medic Desmond T. Doss, who served during the Battle of Okinawa, refuses to kill people, and becomes the first man in American history to receive the Medal of Honor without firing a shot.",Robert Schenkkan,Andrew Garfield,Biography,16+
190,Anand,https://www.imdb.com/title/tt0066763/,8.4,2h 2min,Hrishikesh Mukherjee,12 March 1971 (India),Hindi,"30,454",,"The story of a terminally ill man who wishes to live life to the fullest before the inevitable occurs, as told by his best friend.",Hrishikesh Mukherjee,Rajesh Khanna,Drama,2h2min
191,Prisoners,https://www.imdb.com/title/tt1392214/,8.1,2h 33min,Denis Villeneuve,20 September 2013 (Canada),USA,"603,934",70,"When Keller Dover's daughter and her friend go missing, he takes matters into his own hands as the police pursue multiple leads and the pressure mounts.",Aaron Guzikowski,Hugh Jackman,Crime,14A
192,Persona,https://www.imdb.com/title/tt0060827/,8.1,1h 25min,Ingmar Bergman,18 October 1966 (Sweden),Swedish,"103,817",86,A nurse is put in charge of a mute actress and finds that their personae are melding together.,Ingmar Bergman,Bibi Andersson,Drama,1h25min
193,Andhadhun,https://www.imdb.com/title/tt8108198/,8.3,2h 19min,Sriram Raghavan,5 October 2018 (Canada),India,"72,479",,"A series of mysterious events change the life of a blind pianist, who must now report a crime that he should technically know nothing of.",Arijit Biswas,Ayushmann Khurrana,Crime,PG
194,The Big Lebowski,https://www.imdb.com/title/tt0118715/,8.1,1h 57min,Joel Coen,6 March 1998 (Canada),English,"734,725",71,"Jeff ""The Dude"" Lebowski, mistaken for a millionaire of the same name, seeks restitution for his ruined rug and enlists his bowling buddies to help get it.",Ethan Coen,Jeff Bridges,Comedy,14A
195,Sherlock Jr.,https://www.imdb.com/title/tt0015324/,8.2,45min,Buster Keaton,May 1924 (Canada),None,"42,283",,"A film projectionist longs to be a detective, and puts his meagre skills to work when he is framed by a rival for stealing his girlfriend's father's pocketwatch.",Jean C. Havez,Buster Keaton,Action,45min
196,Höstsonaten,https://www.imdb.com/title/tt0077711/,8.2,1h 39min,Ingmar Bergman,8 October 1978 (Sweden),Swedish,"27,229",,"A married daughter who longs for her mother's love is visited by the latter, a successful concert pianist.",Ingmar Bergman,Ingrid Bergman,Drama,PG
197,To Be or Not to Be,https://www.imdb.com/title/tt0035446/,8.2,1h 39min,Ernst Lubitsch,9 March 1942 (Canada),English,"30,203",86,"During the Nazi occupation of Poland, an acting troupe becomes embroiled in a Polish soldier's efforts to track down a German spy.",Melchior Lengyel,Carole Lombard,Comedy,PG
198,The General,https://www.imdb.com/title/tt0017925/,8.1,1h 7min,Clyde Bruckman,21 February 1927 (Canada),None,"81,468",,"When Union spies steal an engineer's beloved locomotive, he pursues it single-handedly and straight through enemy lines.",Buster Keaton,Buster Keaton,Action,1h7min
199,How to Train Your Dragon,https://www.imdb.com/title/tt0892769/,8.1,1h 38min,Dean DeBlois,26 March 2010 (Canada),USA,"668,849",75,"A hapless young Viking who aspires to hunt dragons becomes the unlikely friend of a young dragon himself, and learns there may be more to the creatures than he assumed.",William Davies,Jay Baruchel,Animation,PG
200,Barry Lyndon,https://www.imdb.com/title/tt0072684/,8.1,3h 5min,Stanley Kubrick,18 December 1975 (Canada),English,"150,522",89,An Irish rogue wins the heart of a rich widow and assumes her dead husband's aristocratic position in 18th-century England.,Stanley Kubrick,Ryan O'Neal,Adventure,PG
201,Ford v Ferrari,https://www.imdb.com/title/tt1950186/,8.1,2h 32min,James Mangold,15 November 2019 (Canada),USA,"295,112",81,American car designer Carroll Shelby and driver Ken Miles battle corporate interference and the laws of physics to build a revolutionary race car for Ford in order to defeat Ferrari at the 24 Hours of Le Mans in 1966.,Jez Butterworth,Matt Damon,Action,PG
202,Eskiya,https://www.imdb.com/title/tt0116231/,8.2,2h 8min,Yavuz Turgul,29 November 1996 (Turkey),Turkish,"64,323",,"Baran the Bandit, released from prison after 35 years, searches for vengeance and his lover.",Yavuz Turgul,Sener Sen,Crime,2h8min
203,12 Years a Slave,https://www.imdb.com/title/tt2024544/,8.1,2h 14min,Steve McQueen,8 November 2013 (USA),USA,"642,735",96,"In the antebellum United States, Solomon Northup, a free black man from upstate New York, is abducted and sold into slavery.",John Ridley,Chiwetel Ejiofor,Biography,14A
204,Mr. Smith Goes to Washington,https://www.imdb.com/title/tt0031679/,8.1,2h 9min,Frank Capra,9 November 1939 (Canada),English,"107,269",73,"A naive man is appointed to fill a vacancy in the United States Senate. His plans promptly collide with political corruption, but he doesn't back down.",Sidney Buchman,James Stewart,Comedy,G
205,Mad Max: Fury Road,https://www.imdb.com/title/tt1392190/,8.1,2h,George Miller,15 May 2015 (Canada),Australia,"885,438",90,"In a post-apocalyptic wasteland, a woman rebels against a tyrannical ruler in search for her homeland with the aid of a group of female prisoners, a psychotic worshiper, and a drifter named Max.",George Miller,Tom Hardy,Action,14A
206,Million Dollar Baby,https://www.imdb.com/title/tt0405159/,8.1,2h 12min,Clint Eastwood,15 December 2004 (Canada),USA,"637,732",86,A determined woman works with a hardened boxing trainer to become a professional.,Paul Haggis,Hilary Swank,Drama,PG
207,Dead Poets Society,https://www.imdb.com/title/tt0097165/,8.1,2h 8min,Peter Weir,9 June 1989 (USA),English,"427,596",79,Maverick teacher John Keating uses poetry to embolden his boarding school students to new heights of self-expression.,Tom Schulman,Robin Williams,Comedy,2h8min
208,Network,https://www.imdb.com/title/tt0074958/,8.1,2h 1min,Sidney Lumet,16 December 1976 (Canada),English,"145,314",83,A television network cynically exploits a deranged former anchor's ravings and revelations about the news media for its own profit.,Paddy Chayefsky,Faye Dunaway,Drama,14+
209,Stand by Me,https://www.imdb.com/title/tt0092005/,8.1,1h 29min,Rob Reiner,22 August 1986 (Canada),USA,"364,404",75,"After the death of one of his friends, a writer recounts a childhood journey with his friends to find the body of a missing boy.",Stephen King,Wil Wheaton,Adventure,PG
210,Soul,https://www.imdb.com/title/tt2948372/,8.1,1h 40min,Pete Docter,25 December 2020 (Canada),USA,"178,415",83,"After landing the gig of a lifetime, a New York jazz pianist suddenly finds himself trapped in a strange land between Earth and the afterlife.",Pete Docter,Jamie Foxx,Animation,PG
211,Harry Potter and the Deathly Hallows: Part 2,https://www.imdb.com/title/tt1201607/,8.1,2h 10min,David Yates,15 July 2011 (Canada),UK,"767,329",85,"Harry, Ron, and Hermione search for Voldemort's remaining Horcruxes in their effort to destroy the Dark Lord as the final battle rages on at Hogwarts.",Steve Kloves,Daniel Radcliffe,Adventure,PG
212,Ben-Hur,https://www.imdb.com/title/tt0052618/,8.1,3h 32min,William Wyler,18 November 1959 (Canada),English,"220,046",90,"After a Jewish prince is betrayed and sent into slavery by a Roman friend, he regains his freedom and comes back for revenge.",Lew Wallace,Charlton Heston,Adventure,G
213,Hachi: A Dog's Tale,https://www.imdb.com/title/tt1028532/,8.1,1h 33min,Lasse Hallström,12 March 2010 (UK),UK,"254,562",,A college professor bonds with an abandoned dog he takes into his home.,Stephen P. Lindsey,Richard Gere,Biography,G
214,Cool Hand Luke,https://www.imdb.com/title/tt0061512/,8.1,2h 7min,Stuart Rosenberg,1 November 1967 (USA),English,"162,481",92,"A laid back Southern man is sentenced to two years in a rural prison, but refuses to conform.",Donn Pearce,Paul Newman,Crime,A
215,Ah-ga-ssi,https://www.imdb.com/title/tt4016934/,8.1,2h 25min,Chan-wook Park,28 October 2016 (Canada),South Korea,"114,790",84,"A woman is hired as a handmaiden to a Japanese heiress, but secretly she is involved in a plot to defraud her.",Sarah Waters,Kim Min-hee,Drama,18A
216,Platoon,https://www.imdb.com/title/tt0091763/,8.1,2h,Oliver Stone,6 February 1987 (USA),USA,"382,258",92,"Chris Taylor, a neophyte recruit in Vietnam, finds himself caught in a battle of wills between two sergeants, one good and the other evil. A shrewd examination of the brutality of war and the duality of man in conflict.",Oliver Stone,Charlie Sheen,Drama,PA
217,Logan,https://www.imdb.com/title/tt3315342/,8.1,2h 17min,James Mangold,3 March 2017 (Canada),USA,"650,534",77,"In a future where mutants are nearly extinct, an elderly and weary Logan leads a quiet life. But when Laura, a mutant child pursued by scientists, comes to him for help, he must get her to safety.",James Mangold,Hugh Jackman,Action,18A
218,Into the Wild,https://www.imdb.com/title/tt0758758/,8.1,2h 28min,Sean Penn,28 September 2007 (Canada),USA,"574,763",73,"After graduating from Emory University, top student and athlete Christopher McCandless abandons his possessions, gives his entire $24,000 savings account to charity and hitchhikes to Alaska to live in the wilderness. Along the way, Christopher encounters a series of characters that shape his life.",Sean Penn,Emile Hirsch,Adventure,14A
219,Rush,https://www.imdb.com/title/tt1979320/,8.1,2h 3min,Ron Howard,27 September 2013 (Canada),UK,"434,048",74,The merciless 1970s rivalry between Formula One rivals James Hunt and Niki Lauda.,Peter Morgan,Daniel Brühl,Action,14A
220,Le salaire de la peur,https://www.imdb.com/title/tt0046268/,8.1,2h 11min,Henri-Georges Clouzot,22 April 1953 (France),French,"54,798",85,"In a decrepit South American village, four men are hired to transport an urgent nitroglycerine shipment without the equipment that would make it safe.",Georges Arnaud,Yves Montand,Adventure,14+
221,Life of Brian,https://www.imdb.com/title/tt0079470/,8.1,1h 34min,Terry Jones,8 November 1979 (UK),English,"368,252",77,"Born on the original Christmas in the stable next door to Jesus Christ, Brian of Nazareth spends his life being mistaken for a messiah.",Graham Chapman,Graham Chapman,Comedy,18+
222,La haine,https://www.imdb.com/title/tt0113247/,8.1,1h 38min,Mathieu Kassovitz,1 September 1995 (Canada),France,"151,094",,24 hours in the lives of three young men in the French suburbs the day after a violent riot.,Mathieu Kassovitz,Vincent Cassel,Crime,13+
223,Les quatre cents coups,https://www.imdb.com/title/tt0053198/,8.1,1h 39min,François Truffaut,16 November 1959 (Canada),French,"105,778",,"A young boy, left without attention, delves into a life of petty crime.",François Truffaut,Jean-Pierre Léaud,Crime,1h39min
224,La passion de Jeanne d'Arc,https://www.imdb.com/title/tt0019254/,8.1,1h 50min,Carl Theodor Dreyer,25 October 1928 (France),None,"48,000",,"In 1431, Jeanne d'Arc is placed on trial on charges of heresy. The ecclesiastical jurists attempt to force Jeanne to recant her claims of holy visions.",Joseph Delteil,Maria Falconetti,Biography,1h50min
225,Spotlight,https://www.imdb.com/title/tt1895587/,8.1,2h 9min,Tom McCarthy,20 November 2015 (USA),USA,"422,074",93,"The true story of how the Boston Globe uncovered the massive scandal of child molestation and cover-up within the local Catholic Archdiocese, shaking the entire Catholic Church to its core.",Josh Singer,Mark Ruffalo,Biography,14A
226,Hotel Rwanda,https://www.imdb.com/title/tt0395169/,8.1,2h 1min,Terry George,4 February 2005 (USA),UK,"335,052",79,"Paul Rusesabagina, a hotel manager, houses over a thousand Tutsi refugees during their struggle against the Hutu militia in Rwanda, Africa.",Keir Pearson,Don Cheadle,Biography,14A
227,Amores perros,https://www.imdb.com/title/tt0245712/,8.1,2h 34min,Alejandro G. Iñárritu,16 June 2000 (Mexico),Spanish,"224,257",83,"A horrific car accident connects three stories, each involving characters dealing with loss, regret, and life's harsh realities, all in the name of love.",Guillermo Arriaga,Emilio Echevarría,Drama,18A
228,Gangs of Wasseypur,https://www.imdb.com/title/tt1954470/,8.2,5h 21min,Anurag Kashyap,16 January 2015 (Canada),India,"82,707",89,"A clash between Sultan and Shahid Khan leads to the expulsion of Khan from Wasseypur, and ignites a deadly blood feud spanning three generations.",Akhilesh Jaiswal,Manoj Bajpayee,Action,13+
229,Andrei Rublev,https://www.imdb.com/title/tt0060107/,8.1,3h 25min,Andrei Tarkovsky,December 1969 (France),Russian,"47,264",,"The life, times and afflictions of the fifteenth-century Russian iconographer St. Andrei Rublev.",Andrey Konchalovskiy,Anatoliy Solonitsyn,Biography,3h25min
230,Rocky,https://www.imdb.com/title/tt0075148/,8.1,2h,John G. Avildsen,3 December 1976 (Canada),USA,"520,174",70,A small-time boxer gets a supremely rare chance to fight a heavyweight champion in a bout in which he strives to go the distance for his self-respect.,Sylvester Stallone,Sylvester Stallone,Drama,PG
231,"Monsters, Inc.",https://www.imdb.com/title/tt0198781/,8.1,1h 32min,Pete Docter,2 November 2001 (Canada),USA,"818,150",79,"In order to power the city, monsters have to scare children so that they scream. However, the children are toxic to the monsters, and after a child gets through, 2 monsters realize things may not be what they think.",Pete Docter,Billy Crystal,Animation,G
232,Dom za vesanje,https://www.imdb.com/title/tt0097223/,8.2,2h 22min,Emir Kusturica,September 1990 (Italy),Macedonian,"26,748",,"In this luminous tale set in the area around Sarajevo and in Italy, Perhan, an engaging young Romany (gypsy) with telekinetic powers, is seduced by the quick-cash world of petty crime, which threatens to destroy him and those he loves.",Emir Kusturica,Davor Dujmovic,Comedy,2h22min
233,Kaze no tani no Naushika,https://www.imdb.com/title/tt0087544/,8.1,1h 57min,Hayao Miyazaki,11 March 1984 (Japan),Japan,"151,634",86,Warrior and pacifist Princess Nausicaä desperately struggles to prevent two warring nations from destroying themselves and their dying planet.,Hayao Miyazaki,Sumi Shimamoto,Animation,PG
234,Rebecca,https://www.imdb.com/title/tt0032976/,8.1,2h 10min,Alfred Hitchcock,12 April 1940 (USA),English,"124,345",86,A self-conscious woman juggles adjusting to her new role as an aristocrat's wife and avoiding being intimidated by his first wife's spectral presence.,Daphne Du Maurier,Laurence Olivier,Drama,2h10min
235,Before Sunset,https://www.imdb.com/title/tt0381681/,8.1,1h 20min,Richard Linklater,30 July 2004 (USA),USA,"237,255",90,"Nine years after Jesse and Celine first met, they encounter each other again on the French leg of Jesse's book tour.",Richard Linklater,Ethan Hawke,Drama,14A
236,Rang De Basanti,https://www.imdb.com/title/tt0405508/,8.2,2h 47min,Rakeysh Omprakash Mehra,26 January 2006 (India),Hindi,"112,220",,"The story of six young Indians who assist an English woman to film a documentary on the freedom fighters from their past, and the events that lead them to relive the long-forgotten saga of freedom.",Renzil D'Silva,Aamir Khan,Comedy,14A
237,Du rififi chez les hommes,https://www.imdb.com/title/tt0048021/,8.1,1h 58min,Jules Dassin,13 April 1955 (France),French,"29,083",97,"Four men plan a technically perfect crime, but the human element intervenes...",Auguste Le Breton,Jean Servais,Crime,1h58min
238,Fa yeung nin wah,https://www.imdb.com/title/tt0118694/,8.1,1h 38min,Kar-Wai Wong,29 September 2000 (Hong Kong),Hong Kong,"125,088",85,"Two neighbors, a woman and a man, form a strong bond after both suspect extramarital activities of their spouses. However, they agree to keep their bond platonic so as not to commit similar wrongs.",Kar-Wai Wong,Tony Chiu-Wai Leung,Drama,PG
239,"Paris, Texas",https://www.imdb.com/title/tt0087884/,8.1,2h 25min,Wim Wenders,23 August 1984 (UK),English,"91,776",78,"Travis Henderson, an aimless drifter who has been missing for four years, wanders out of the desert and must reconnect with society, himself, his life, and his family.",L.M. Kit Carson,Harry Dean Stanton,Drama,PG
240,Portrait de la jeune fille en feu,https://www.imdb.com/title/tt8613070/,8.1,2h 2min,Céline Sciamma,18 September 2019 (France),France,"64,536",95,"On an isolated island in Brittany at the end of the eighteenth century, a female painter is obliged to paint a wedding portrait of a young woman.",Céline Sciamma,Noémie Merlant,Drama,PG
241,It Happened One Night,https://www.imdb.com/title/tt0025316/,8.1,1h 45min,Frank Capra,27 February 1934 (Canada),English,"94,393",87,"A renegade reporter and a crazy young heiress meet on a bus heading for New York, and end up stuck with each other when the bus leaves them behind at one of the stops.",Robert Riskin,Clark Gable,Comedy,PG
242,Drishyam,https://www.imdb.com/title/tt4430212/,8.2,2h 43min,Nishikant Kamat,31 July 2015 (India),India,"70,823",,"Desperate measures are taken by a man who tries to save his family from the dark side of the law, after they commit an unexpected crime.",Jeethu Joseph,Ajay Devgn,Crime,14A
243,Koe no katachi,https://www.imdb.com/title/tt5323662/,8.1,2h 10min,Naoko Yamada,17 September 2016 (Japan),Japan,"48,848",78,"A young man is ostracized by his classmates after he bullies a deaf girl to the point where she moves away. Years later, he sets off on a path for redemption.",Yoshitoki Oima,Miyu Irino,Animation,PG
244,Contratiempo,https://www.imdb.com/title/tt4857264/,8.1,1h 46min,Oriol Paulo,1 July 2017 (Canada),Spanish,"143,351",,A successful entrepreneur accused of murder and a witness preparation expert have less than three hours to come up with an impregnable defense.,Oriol Paulo,Mario Casas,Crime,16+
245,"Shin seiki Evangelion Gekijô-ban: Air/Magokoro wo, kimi ni",https://www.imdb.com/title/tt0169858/,8.1,1h 27min,Hideaki Anno,2005 (Germany),Japanese,"39,308",,Concurrent theatrical ending of the TV series Shin seiki evangerion (1995).,Hideaki Anno,Megumi Ogata,Animation,14A
246,Hera Pheri,https://www.imdb.com/title/tt0242519/,8.2,2h 36min,Priyadarshan,31 March 2000 (India),Hindi,"57,204",,"Three unemployed men look for answers to all their money problems - but when their opportunity arrives, will they know what to do with it?",Siddique,Akshay Kumar,Action,2h36min
247,La battaglia di Algeri,https://www.imdb.com/title/tt0058946/,8.1,2h 1min,Gillo Pontecorvo,9 September 1966 (Italy),Arabic,"53,340",96,"In the 1950s, fear and violence escalate as the people of Algiers fight for independence from the French government.",Franco Solinas,Brahim Hadjadj,Drama,14A
248,Miracle in cell NO.7,https://www.imdb.com/title/tt10431500/,8.3,2h 12min,Mehmet Ada Öztekin,11 October 2019 (Turkey),Turkey,"34,743",,A story of love between a mentally-ill father who was wrongly accused of murder and his lovely six years old daughter. The prison would be their home. Based on the 2013 Korean movie 7-beon-bang-ui seon-mul (2013).,Özge Efendioglu,Aras Bulut Iynemli,Drama,2h12min
249,The Help,https://www.imdb.com/title/tt1454029/,8,2h 26min,Tate Taylor,10 August 2011 (Canada),USA,"429,800",62,"An aspiring author during the civil rights movement of the 1960s decides to write a book detailing the African American maids' point of view on the white families for which they work, and the hardships they go through on a daily basis.",Tate Taylor,Emma Stone,Drama,PG
